1,Chandler Bing,Skyrim,19.9
2,Aquaman,DC Comics,19.9
3,Chandler Bing,El Señor de los Anillos,19.9
4,Chandler Bing,El Señor de los Anillos,19.9
5,Chandler Bing,God of War,19.9
6,Batman,DC Comics,19.9
7,Beetlejuice,Misc,19.9
8,Chandler Bing,Street Fighter,19.9
9,Chandler Bing,El Señor de los Anillos,19.9
10,Brick,Borderlands,19.9
11,Chandler Bing,Friends,19.9
12,Chandler Bing,Street Fighter,19.9
13,Crash Bandicoot,Crash,19.9
14,Chandler Bing,Misc,19.9
15,Chandler Bing,Stranger Things,19.9
16,Doc Brown,Regreso al Futuro,19.9
17,Chandler Bing,Skyrim,19.9
18,Chandler Bing,Sonic,19.9
19,Chandler Bing,Stranger Things,19.9
20,Chandler Bing,The Last of Us,19.9
21,Chandler Bing,El Señor de los Anillos,19.9
22,Chandler Bing,El Señor de los Anillos,19.9
23,Chandler Bing,El Señor de los Anillos,19.9
24,Chandler Bing,El Señor de los Anillos,19.9
25,Chandler Bing,El Señor de los Anillos,19.9
26,Harley Quinn,DC Comics,19.9
27,Chandler Bing,Misc,19.9
28,Chandler Bing,Tekken,19.9
29,Jack el Guapo,Borderlands,19.9
30,Chandler Bing,Star Trek,19.9
31,Chandler Bing,Resident Evil,19.9
32,Chandler Bing,The Last of Us,19.9
33,Chandler Bing,Friends,19.9
34,Joker,DC Comics,19.9
35,Chandler Bing,Tekken,19.9
36,Chandler Bing,Street Fighter,19.9
37,Chandler Bing,Sonic,19.9
38,Chandler Bing,God of War,19.9
39,Chandler Bing,El Señor de los Anillos,19.9
40,Chandler Bing,Resident Evil,19.9
41,Lilith,Borderlands,19.9
42,Marty McFly,Regreso al Futuro,19.9
43,Maya,Borderlands,19.9
44,Michael Knight,Coche Fantástico,19.9
45,Chandler Bing,Friends,19.9
46,Mordecai,Borderlands,19.9
47,Moxxi,Borderlands,19.9
48,Chandler Bing,El Señor de los Anillos,19.9
49,Chandler Bing,Resident Evil,19.9
50,Dr. Neo Cortex,Crash,19.9
51,t-51 (Nuka-Cola),Fallout,21.9
52,Chandler Bing,Misc,19.9
53,Chandler Bing,Friends,19.9
54,Chandler Bing,Friends,19.9
55,Chandler Bing,Metal Gear,19.9
56,Robin,DC Comics,19.9
57,Chandler Bing,Misc,19.9
58,Chandler Bing,Friends,19.9
59,Chandler Bing,Street Fighter,19.9
60,Chandler Bing,El Señor de los Anillos,19.9
61,Chandler Bing,El Señor de los Anillos,19.9
62,Chandler Bing,El Señor de los Anillos,19.9
63,Solaire,Dark Souls,19.9
64,Chandler Bing,Metal Gear,19.9
65,Chandler Bing,Sonic,19.9
66,Chandler Bing,Star Trek,19.9
67,Chandler Bing,Misc,19.9
68,T-51,Fallout,19.9
69,Chandler Bing,Sonic,19.9
70,Chandler Bing,Misc,19.9
71,Tiny Tina,Borderlands,19.9
72,Chandler Bing,Skyrim,19.9
73,Chandler Bing,Fallout,19.9
74,Chandler Bing,Fallout,19.9
75,Wonder Woman,DC Comics,19.9
76,Down payment,All,9.9
79,Chandler Bing,All,19.9
